{
    "loss": 11.276010513305664,
    "accuracy": 0.5035971403121948
}