{
    "loss": 7.153206825256348,
    "accuracy": 0.8273381590843201
}