{
    "loss": 3.1954705715179443,
    "accuracy": 0.8920863270759583
}